nome,coordenadas,cor
ouro,"[(-27.611684, -48.581716), (-27.611944, -48.581957), (-27.611782, -48.582236), (-27.611627, -48.581987)]",red
prata,"[(-27.612359, -48.582484), (-27.612547, -48.582867), (-27.612195, -48.583002), (-27.611885, -48.582556)]",blue
bronze,"[(-27.611014, -48.579954), (-27.610762, -48.578709), (-27.611166, -48.578173), (-27.609781, -48.577899), (-27.610059, -48.580061)]",green
