nome,coordenadas,cor
ouro,"[(-27.611684, -48.581716), (-27.611944, -48.581957), (-27.611782, -48.582236), (-27.611627, -48.581987)]",yellow
prata,"[(-27.612359, -48.582484), (-27.612547, -48.582867), (-27.612195, -48.583002), (-27.611885, -48.582556)]",grey
bronze,"[(-27.611014, -48.579954), (-27.610762, -48.578709), (-27.611166, -48.578173), (-27.609781, -48.577899), (-27.610059, -48.580061)]",green
mineral water,"[(-27.590189, -48.621576), (-27.583352, -48.620625),(-27.581172, -48.607753), (-27.592636, -48.611635)]",blue
coal,"[(-27.592012, -48.563716), (-27.596358, -48.560838), (-27.593891, -48.556306), (-27.586904, -48.556617)]",black
